video_id,prompt_id,run,resolution,fps,duration_sec,aspect_ratio,model,model_config,file_path,created_at,,,
V-001,1A-L-1,1,1280x720,24,8,16:9,Veo 3.1 – Fast,"{ ""resolution"": ""720p"",  ""aspect_ratio"": ""16:9"", ""outputs"": 1}","""C:\Users\lixin\Desktop\Video\V-001.mp4""",11/11/2025,,,
V-002,1A-L-1,2,1280x720,24,8,16:9,Veo 3.1 – Fast,"{ ""resolution"": ""720p"",  ""aspect_ratio"": ""16:9"", ""outputs"": 1}","""C:\Users\lixin\Desktop\Video\V-002.mp4""",11/11/2025,,,
V-003,1A-L-1,3,1280x720,24,8,16:9,Veo 3.1 – Fast,"{ ""resolution"": ""720p"",  ""aspect_ratio"": ""16:9"", ""outputs"": 1}","""C:\Users\lixin\Desktop\Video\V-003.mp4""",11/16/2025,,,
V-004,1A-L-1,4,1280x720,24,8,16:9,Veo 3.1 – Fast,"{ ""resolution"": ""720p"",  ""aspect_ratio"": ""16:9"", ""outputs"": 1}","""C:\Users\lixin\Desktop\Video\V-004.mp4""",11/16/2025,,,
V-005,1A-L-1,5,1280x720,24,8,16:9,Veo 3.1 – Fast,"{ ""resolution"": ""720p"",  ""aspect_ratio"": ""16:9"", ""outputs"": 1}","""C:\Users\lixin\Desktop\Video\V-005.mp4""",11/16/2025,,,
V-006,1A-L-2,1,1280x720,24,8,16:9,Veo 3.1 – Fast,"{ ""resolution"": ""720p"",  ""aspect_ratio"": ""16:9"", ""outputs"": 1}","""C:\Users\lixin\Desktop\Video\V-006.mp4""",11/11/2025,,,
V-007,1A-L-2,2,1280x720,24,8,16:9,Veo 3.1 – Fast,"{ ""resolution"": ""720p"",  ""aspect_ratio"": ""16:9"", ""outputs"": 1}","""C:\Users\lixin\Desktop\Video\V-007.mp4""",11/11/2025,,,
V-008,1A-L-2,3,1280x720,24,8,16:9,Veo 3.1 – Fast,"{ ""resolution"": ""720p"",  ""aspect_ratio"": ""16:9"", ""outputs"": 1}","""C:\Users\lixin\Desktop\Video\V-008.mp4""",11/16/2025,,,
V-009,1A-L-2,4,1280x720,24,8,16:9,Veo 3.1 – Fast,"{ ""resolution"": ""720p"",  ""aspect_ratio"": ""16:9"", ""outputs"": 1}","""C:\Users\lixin\Desktop\Video\V-009.mp4""",11/16/2025,,,
V-010,1A-L-2,5,1280x720,24,8,16:9,Veo 3.1 – Fast,"{ ""resolution"": ""720p"",  ""aspect_ratio"": ""16:9"", ""outputs"": 1}","""C:\Users\lixin\Desktop\Video\V-010.mp4""",11/16/2025,,,
V-011,1A-L-3,1,1280x720,24,8,16:9,Veo 3.1 – Fast,"{ ""resolution"": ""720p"",  ""aspect_ratio"": ""16:9"", ""outputs"": 1}","""C:\Users\lixin\Desktop\Video\V-011.mp4""",11/11/2025,,,
V-012,1A-L-3,2,1280x720,24,8,16:9,Veo 3.1 – Fast,"{ ""resolution"": ""720p"",  ""aspect_ratio"": ""16:9"", ""outputs"": 1}","""C:\Users\lixin\Desktop\Video\V-012.mp4""",11/11/2025,,,
V-013,1A-L-3,3,1280x720,24,8,16:9,Veo 3.1 – Fast,"{ ""resolution"": ""720p"",  ""aspect_ratio"": ""16:9"", ""outputs"": 1}","""C:\Users\lixin\Desktop\Video\V-013.mp4""",11/16/2025,,,
V-014,1A-L-3,4,1280x720,24,8,16:9,Veo 3.1 – Fast,"{ ""resolution"": ""720p"",  ""aspect_ratio"": ""16:9"", ""outputs"": 1}","""C:\Users\lixin\Desktop\Video\V-014.mp4""",11/16/2025,,,
V-015,1A-L-3,5,1280x720,24,8,16:9,Veo 3.1 – Fast,"{ ""resolution"": ""720p"",  ""aspect_ratio"": ""16:9"", ""outputs"": 1}","""C:\Users\lixin\Desktop\Video\V-015.mp4""",11/16/2025,,,
V-016,1A-L-4,1,1280x720,24,8,16:9,Veo 3.1 – Fast,"{ ""resolution"": ""720p"",  ""aspect_ratio"": ""16:9"", ""outputs"": 1}","""C:\Users\lixin\Desktop\Video\V-016.mp4""",11/11/2025,,,
V-017,1A-L-4,2,1280x720,24,8,16:9,Veo 3.1 – Fast,"{ ""resolution"": ""720p"",  ""aspect_ratio"": ""16:9"", ""outputs"": 1}","""C:\Users\lixin\Desktop\Video\V-017.mp4""",11/11/2025,,,
V-018,1A-L-4,3,1280x720,24,8,16:9,Veo 3.1 – Fast,"{ ""resolution"": ""720p"",  ""aspect_ratio"": ""16:9"", ""outputs"": 1}","""C:\Users\lixin\Desktop\Video\V-018.mp4""",11/16/2025,,,
V-019,1A-L-4,4,1280x720,24,8,16:9,Veo 3.1 – Fast,"{ ""resolution"": ""720p"",  ""aspect_ratio"": ""16:9"", ""outputs"": 1}","""C:\Users\lixin\Desktop\Video\V-019.mp4""",11/16/2025,,,
V-020,1A-L-4,5,1280x720,24,8,16:9,Veo 3.1 – Fast,"{ ""resolution"": ""720p"",  ""aspect_ratio"": ""16:9"", ""outputs"": 1}","""C:\Users\lixin\Desktop\Video\V-020.mp4""",11/16/2025,,,
V-021,1A-C-1,1,1280x720,24,8,16:9,Veo 3.1 – Fast,"{ ""resolution"": ""720p"",  ""aspect_ratio"": ""16:9"", ""outputs"": 1}","""C:\Users\lixin\Desktop\Video\V-021.mp4""",11/11/2025,,,
V-022,1A-C-1,2,1280x720,24,8,16:9,Veo 3.1 – Fast,"{ ""resolution"": ""720p"",  ""aspect_ratio"": ""16:9"", ""outputs"": 1}","""C:\Users\lixin\Desktop\Video\V-022.mp4""",11/11/2025,,,
V-023,1A-C-1,3,1280x720,24,8,16:9,Veo 3.1 – Fast,"{ ""resolution"": ""720p"",  ""aspect_ratio"": ""16:9"", ""outputs"": 1}","""C:\Users\lixin\Desktop\Video\V-023.mp4""",11/16/2025,,,
V-024,1A-C-1,4,1280x720,24,8,16:9,Veo 3.1 – Fast,"{ ""resolution"": ""720p"",  ""aspect_ratio"": ""16:9"", ""outputs"": 1}","""C:\Users\lixin\Desktop\Video\V-024.mp4""",11/16/2025,,,
V-025,1A-C-1,5,1280x720,24,8,16:9,Veo 3.1 – Fast,"{ ""resolution"": ""720p"",  ""aspect_ratio"": ""16:9"", ""outputs"": 1}","""C:\Users\lixin\Desktop\Video\V-025.mp4""",11/16/2025,,,
V-026,1A-C-2,1,1280x720,24,8,16:9,Veo 3.1 – Fast,"{ ""resolution"": ""720p"",  ""aspect_ratio"": ""16:9"", ""outputs"": 1}","""C:\Users\lixin\Desktop\Video\V-026.mp4""",11/11/2025,,,
V-027,1A-C-2,2,1280x720,24,8,16:9,Veo 3.1 – Fast,"{ ""resolution"": ""720p"",  ""aspect_ratio"": ""16:9"", ""outputs"": 1}","""C:\Users\lixin\Desktop\Video\V-027.mp4""",11/11/2025,,,
V-028,1A-C-2,3,1280x720,24,8,16:9,Veo 3.1 – Fast,"{ ""resolution"": ""720p"",  ""aspect_ratio"": ""16:9"", ""outputs"": 1}","""C:\Users\lixin\Desktop\Video\V-028.mp4""",11/16/2025,,,
V-029,1A-C-2,4,1280x720,24,8,16:9,Veo 3.1 – Fast,"{ ""resolution"": ""720p"",  ""aspect_ratio"": ""16:9"", ""outputs"": 1}","""C:\Users\lixin\Desktop\Video\V-029.mp4""",11/16/2025,,,
V-030,1A-C-2,5,1280x720,24,8,16:9,Veo 3.1 – Fast,"{ ""resolution"": ""720p"",  ""aspect_ratio"": ""16:9"", ""outputs"": 1}","""C:\Users\lixin\Desktop\Video\V-030.mp4""",11/16/2025,,,
V-031,1A-C-3,1,1280x720,24,8,16:9,Veo 3.1 – Fast,"{ ""resolution"": ""720p"",  ""aspect_ratio"": ""16:9"", ""outputs"": 1}","""C:\Users\lixin\Desktop\Video\V-031.mp4""",11/11/2025,,,
V-032,1A-C-3,2,1280x720,24,8,16:9,Veo 3.1 – Fast,"{ ""resolution"": ""720p"",  ""aspect_ratio"": ""16:9"", ""outputs"": 1}","""C:\Users\lixin\Desktop\Video\V-032.mp4""",11/11/2025,,,
V-033,1A-C-3,3,1280x720,24,8,16:9,Veo 3.1 – Fast,"{ ""resolution"": ""720p"",  ""aspect_ratio"": ""16:9"", ""outputs"": 1}","""C:\Users\lixin\Desktop\Video\V-033.mp4""",11/16/2025,,,
V-034,1A-C-3,4,1280x720,24,8,16:9,Veo 3.1 – Fast,"{ ""resolution"": ""720p"",  ""aspect_ratio"": ""16:9"", ""outputs"": 1}","""C:\Users\lixin\Desktop\Video\V-034.mp4""",11/16/2025,,,
V-035,1A-C-3,5,1280x720,24,8,16:9,Veo 3.1 – Fast,"{ ""resolution"": ""720p"",  ""aspect_ratio"": ""16:9"", ""outputs"": 1}","""C:\Users\lixin\Desktop\Video\V-035.mp4""",11/16/2025,,,
V-036,1A-C-4,1,1280x720,24,8,16:9,Veo 3.1 – Fast,"{ ""resolution"": ""720p"",  ""aspect_ratio"": ""16:9"", ""outputs"": 1}","""C:\Users\lixin\Desktop\Video\V-036.mp4""",11/11/2025,,, 
V-037,1A-C-4,2,1280x720,24,8,16:9,Veo 3.1 – Fast,"{ ""resolution"": ""720p"",  ""aspect_ratio"": ""16:9"", ""outputs"": 1}","""C:\Users\lixin\Desktop\Video\V-037.mp4""",11/11/2025,,,
V-038,1A-C-4,3,1280x720,24,8,16:9,Veo 3.1 – Fast,"{ ""resolution"": ""720p"",  ""aspect_ratio"": ""16:9"", ""outputs"": 1}","""C:\Users\lixin\Desktop\Video\V-038.mp4""",11/16/2025,,,
V-039,1A-C-4,4,1280x720,24,8,16:9,Veo 3.1 – Fast,"{ ""resolution"": ""720p"",  ""aspect_ratio"": ""16:9"", ""outputs"": 1}","""C:\Users\lixin\Desktop\Video\V-039.mp4""",11/16/2025,,,
V-040,1A-C-4,5,1280x720,24,8,16:9,Veo 3.1 – Fast,"{ ""resolution"": ""720p"",  ""aspect_ratio"": ""16:9"", ""outputs"": 1}","""C:\Users\lixin\Desktop\Video\V-040.mp4""",11/16/2025,,,
V-041,1A-A-1,1,1280x720,24,8,16:9,Veo 3.1 – Fast,"{ ""resolution"": ""720p"",  ""aspect_ratio"": ""16:9"", ""outputs"": 1}","""C:\Users\lixin\Desktop\Video\V-041.mp4""",11/11/2025,,,
V-042,1A-A-1,2,1280x720,24,8,16:9,Veo 3.1 – Fast,"{ ""resolution"": ""720p"",  ""aspect_ratio"": ""16:9"", ""outputs"": 1}","""C:\Users\lixin\Desktop\Video\V-042.mp4""",11/11/2025,,,
V-043,1A-A-1,3,1280x720,24,8,16:9,Veo 3.1 – Fast,"{ ""resolution"": ""720p"",  ""aspect_ratio"": ""16:9"", ""outputs"": 1}","""C:\Users\lixin\Desktop\Video\V-043.mp4""",11/16/2025,,,
V-044,1A-A-1,4,1280x720,24,8,16:9,Veo 3.1 – Fast,"{ ""resolution"": ""720p"",  ""aspect_ratio"": ""16:9"", ""outputs"": 1}","""C:\Users\lixin\Desktop\Video\V-044.mp4""",11/16/2025,,,
V-045,1A-A-1,5,1280x720,24,8,16:9,Veo 3.1 – Fast,"{ ""resolution"": ""720p"",  ""aspect_ratio"": ""16:9"", ""outputs"": 1}","""C:\Users\lixin\Desktop\Video\V-045.mp4""",11/16/2025,,,
V-046,1A-A-2,1,1280x720,24,8,16:9,Veo 3.1 – Fast,"{ ""resolution"": ""720p"",  ""aspect_ratio"": ""16:9"", ""outputs"": 1}","""C:\Users\lixin\Desktop\Video\V-046.mp4""",11/11/2025,,,
V-047,1A-A-2,2,1280x720,24,8,16:9,Veo 3.1 – Fast,"{ ""resolution"": ""720p"",  ""aspect_ratio"": ""16:9"", ""outputs"": 1}","""C:\Users\lixin\Desktop\Video\V-047.mp4""",11/11/2025,,,
V-048,1A-A-2,3,1280x720,24,8,16:9,Veo 3.1 – Fast,"{ ""resolution"": ""720p"",  ""aspect_ratio"": ""16:9"", ""outputs"": 1}","""C:\Users\lixin\Desktop\Video\V-048.mp4""",11/16/2025,,,
V-049,1A-A-2,4,1280x720,24,8,16:9,Veo 3.1 – Fast,"{ ""resolution"": ""720p"",  ""aspect_ratio"": ""16:9"", ""outputs"": 1}","""C:\Users\lixin\Desktop\Video\V-049.mp4""",11/16/2025,,,
V-050,1A-A-2,5,1280x720,24,8,16:9,Veo 3.1 – Fast,"{ ""resolution"": ""720p"",  ""aspect_ratio"": ""16:9"", ""outputs"": 1}","""C:\Users\lixin\Desktop\Video\V-050.mp4""",11/16/2025,,,
V-051,1A-A-3,1,1280x720,24,8,16:9,Veo 3.1 – Fast,"{ ""resolution"": ""720p"",  ""aspect_ratio"": ""16:9"", ""outputs"": 1}","""C:\Users\lixin\Desktop\Video\V-051.mp4""",11/11/2025,,,
V-052,1A-A-3,2,1280x720,24,8,16:9,Veo 3.1 – Fast,"{ ""resolution"": ""720p"",  ""aspect_ratio"": ""16:9"", ""outputs"": 1}","""C:\Users\lixin\Desktop\Video\V-052.mp4""",11/11/2025,,,
V-053,1A-A-3,3,1280x720,24,8,16:9,Veo 3.1 – Fast,"{ ""resolution"": ""720p"",  ""aspect_ratio"": ""16:9"", ""outputs"": 1}","""C:\Users\lixin\Desktop\Video\V-053.mp4""",11/16/2025,,,
V-054,1A-A-3,4,1280x720,24,8,16:9,Veo 3.1 – Fast,"{ ""resolution"": ""720p"",  ""aspect_ratio"": ""16:9"", ""outputs"": 1}","""C:\Users\lixin\Desktop\Video\V-054.mp4""",11/16/2025,,,
V-055,1A-A-3,5,1280x720,24,8,16:9,Veo 3.1 – Fast,"{ ""resolution"": ""720p"",  ""aspect_ratio"": ""16:9"", ""outputs"": 1}","""C:\Users\lixin\Desktop\Video\V-055.mp4""",11/16/2025,,,
V-056,1A-A-4,1,1280x720,24,8,16:9,Veo 3.1 – Fast,"{ ""resolution"": ""720p"",  ""aspect_ratio"": ""16:9"", ""outputs"": 1}","""C:\Users\lixin\Desktop\Video\V-056.mp4""",11/11/2025,,,
V-057,1A-A-4,2,1280x720,24,8,16:9,Veo 3.1 – Fast,"{ ""resolution"": ""720p"",  ""aspect_ratio"": ""16:9"", ""outputs"": 1}","""C:\Users\lixin\Desktop\Video\V-057.mp4""",11/11/2025,,,
V-058,1A-A-4,3,1280x720,24,8,16:9,Veo 3.1 – Fast,"{ ""resolution"": ""720p"",  ""aspect_ratio"": ""16:9"", ""outputs"": 1}","""C:\Users\lixin\Desktop\Video\V-058.mp4""",11/16/2025,,,
V-059,1A-A-4,4,1280x720,24,8,16:9,Veo 3.1 – Fast,"{ ""resolution"": ""720p"",  ""aspect_ratio"": ""16:9"", ""outputs"": 1}","""C:\Users\lixin\Desktop\Video\V-059.mp4""",11/16/2025,,,
V-060,1A-A-4,5,1280x720,24,8,16:9,Veo 3.1 – Fast,"{ ""resolution"": ""720p"",  ""aspect_ratio"": ""16:9"", ""outputs"": 1}","""C:\Users\lixin\Desktop\Video\V-060.mp4""",11/16/2025,,,
V-061,1A-I-1,1,1280x720,24,8,16:9,Veo 3.1 – Fast,"{ ""resolution"": ""720p"",  ""aspect_ratio"": ""16:9"", ""outputs"": 1}","""C:\Users\lixin\Desktop\Video\V-061.mp4""",11/16/2025,,,
V-062,1A-I-1,2,1280x720,24,8,16:9,Veo 3.1 – Fast,"{ ""resolution"": ""720p"",  ""aspect_ratio"": ""16:9"", ""outputs"": 1}","""C:\Users\lixin\Desktop\Video\V-062.mp4""",11/16/2025,,,
V-063,1A-I-1,3,1280x720,24,8,16:9,Veo 3.1 – Fast,"{ ""resolution"": ""720p"",  ""aspect_ratio"": ""16:9"", ""outputs"": 1}","""C:\Users\lixin\Desktop\Video\V-063.mp4""",11/16/2025,,,
V-064,1A-I-1,4,1280x720,24,8,16:9,Veo 3.1 – Fast,"{ ""resolution"": ""720p"",  ""aspect_ratio"": ""16:9"", ""outputs"": 1}","""C:\Users\lixin\Desktop\Video\V-064.mp4""",11/16/2025,,,
V-065,1A-I-1,5,1280x720,24,8,16:9,Veo 3.1 – Fast,"{ ""resolution"": ""720p"",  ""aspect_ratio"": ""16:9"", ""outputs"": 1}","""C:\Users\lixin\Desktop\Video\V-065.mp4""",11/16/2025,,,
V-066,1A-I-2,1,1280x720,24,8,16:9,Veo 3.1 – Fast,"{ ""resolution"": ""720p"",  ""aspect_ratio"": ""16:9"", ""outputs"": 1}","""C:\Users\lixin\Desktop\Video\V-066.mp4""",11/16/2025,,,
V-067,1A-I-2,2,1280x720,24,8,16:9,Veo 3.1 – Fast,"{ ""resolution"": ""720p"",  ""aspect_ratio"": ""16:9"", ""outputs"": 1}","""C:\Users\lixin\Desktop\Video\V-067.mp4""",11/16/2025,,,
V-068,1A-I-2,3,1280x720,24,8,16:9,Veo 3.1 – Fast,"{ ""resolution"": ""720p"",  ""aspect_ratio"": ""16:9"", ""outputs"": 1}","""C:\Users\lixin\Desktop\Video\V-068.mp4""",11/16/2025,,,
V-069,1A-I-2,4,1280x720,24,8,16:9,Veo 3.1 – Fast,"{ ""resolution"": ""720p"",  ""aspect_ratio"": ""16:9"", ""outputs"": 1}","""C:\Users\lixin\Desktop\Video\V-069.mp4""",11/16/2025,,,
V-070,1A-I-2,5,1280x720,24,8,16:9,Veo 3.1 – Fast,"{ ""resolution"": ""720p"",  ""aspect_ratio"": ""16:9"", ""outputs"": 1}","""C:\Users\lixin\Desktop\Video\V-070.mp4""",11/16/2025,,,
V-071,1A-I-3,1,1280x720,24,8,16:9,Veo 3.1 – Fast,"{ ""resolution"": ""720p"",  ""aspect_ratio"": ""16:9"", ""outputs"": 1}","""C:\Users\lixin\Desktop\Video\V-071.mp4""",11/16/2025,,,
V-072,1A-I-3,2,1280x720,24,8,16:9,Veo 3.1 – Fast,"{ ""resolution"": ""720p"",  ""aspect_ratio"": ""16:9"", ""outputs"": 1}","""C:\Users\lixin\Desktop\Video\V-072.mp4""",11/16/2025,,,
V-073,1A-I-3,3,1280x720,24,8,16:9,Veo 3.1 – Fast,"{ ""resolution"": ""720p"",  ""aspect_ratio"": ""16:9"", ""outputs"": 1}","""C:\Users\lixin\Desktop\Video\V-073.mp4""",11/16/2025,,,
V-074,1A-I-3,4,1280x720,24,8,16:9,Veo 3.1 – Fast,"{ ""resolution"": ""720p"",  ""aspect_ratio"": ""16:9"", ""outputs"": 1}","""C:\Users\lixin\Desktop\Video\V-074.mp4""",11/16/2025,,,
V-075,1A-I-3,5,1280x720,24,8,16:9,Veo 3.1 – Fast,"{ ""resolution"": ""720p"",  ""aspect_ratio"": ""16:9"", ""outputs"": 1}","""C:\Users\lixin\Desktop\Video\V-075.mp4""",11/16/2025,,,
V-076,1A-I-4,1,1280x720,24,8,16:9,Veo 3.1 – Fast,"{ ""resolution"": ""720p"",  ""aspect_ratio"": ""16:9"", ""outputs"": 1}","""C:\Users\lixin\Desktop\Video\V-076.mp4""",11/16/2025,,,
V-077,1A-I-4,2,1280x720,24,8,16:9,Veo 3.1 – Fast,"{ ""resolution"": ""720p"",  ""aspect_ratio"": ""16:9"", ""outputs"": 1}","""C:\Users\lixin\Desktop\Video\V-077.mp4""",11/16/2025,,,
V-078,1A-I-4,3,1280x720,24,8,16:9,Veo 3.1 – Fast,"{ ""resolution"": ""720p"",  ""aspect_ratio"": ""16:9"", ""outputs"": 1}","""C:\Users\lixin\Desktop\Video\V-078.mp4""",11/16/2025,,,
V-079,1A-I-4,4,1280x720,24,8,16:9,Veo 3.1 – Fast,"{ ""resolution"": ""720p"",  ""aspect_ratio"": ""16:9"", ""outputs"": 1}","""C:\Users\lixin\Desktop\Video\V-079.mp4""",11/16/2025,,,
V-080,1A-I-4,5,1280x720,24,8,16:9,Veo 3.1 – Fast,"{ ""resolution"": ""720p"",  ""aspect_ratio"": ""16:9"", ""outputs"": 1}","""C:\Users\lixin\Desktop\Video\V-080.mp4""",11/16/2025,,,
V-081,1B-A-T-1,1,1280x720,24,8,16:9,Veo 3.1 – Fast,"{ ""resolution"": ""720p"",  ""aspect_ratio"": ""16:9"", ""outputs"": 1}","""C:\Users\lixin\Desktop\Video-Generation\V-033.mp4""",11/16/2025,,,
V-082,1B-A-T-1,2,1280x720,24,8,16:9,Veo 3.1 – Fast,"{ ""resolution"": ""720p"",  ""aspect_ratio"": ""16:9"", ""outputs"": 1}","""C:\Users\lixin\Desktop\Video\V-082.mp4""",11/16/2025,,,
V-083,1B-A-T-1,3,1280x720,24,8,16:9,Veo 3.1 – Fast,"{ ""resolution"": ""720p"",  ""aspect_ratio"": ""16:9"", ""outputs"": 1}","""C:\Users\lixin\Desktop\Video\V-083.mp4""",11/16/2025,,,
V-084,1B-A-T-1,4,1280x720,24,8,16:9,Veo 3.1 – Fast,"{ ""resolution"": ""720p"",  ""aspect_ratio"": ""16:9"", ""outputs"": 1}","""C:\Users\lixin\Desktop\Video\V-084.mp4""",11/16/2025,,,
V-085,1B-A-T-1,5,1280x720,24,8,16:9,Veo 3.1 – Fast,"{ ""resolution"": ""720p"",  ""aspect_ratio"": ""16:9"", ""outputs"": 1}","""C:\Users\lixin\Desktop\Video\V-085.mp4""",11/16/2025,,,
V-086,1B-A-T-1,6,1280x720,24,8,16:9,Veo 3.1 – Fast,"{ ""resolution"": ""720p"",  ""aspect_ratio"": ""16:9"", ""outputs"": 1}","""C:\Users\lixin\Desktop\Video\V-086.mp4""",11/16/2025,,,
V-087,1B-A-C-1,1,1280x720,24,8,16:9,Veo 3.1 – Fast,"{ ""resolution"": ""720p"",  ""aspect_ratio"": ""16:9"", ""outputs"": 1}","""C:\Users\lixin\Desktop\Video\V-087.mp4""",11/16/2025,,,
V-088,1B-A-C-1,2,1280x720,24,8,16:9,Veo 3.1 – Fast,"{ ""resolution"": ""720p"",  ""aspect_ratio"": ""16:9"", ""outputs"": 1}","""C:\Users\lixin\Desktop\Video\V-088.mp4""",11/16/2025,,,
V-089,1B-A-C-1,3,1280x720,24,8,16:9,Veo 3.1 – Fast,"{ ""resolution"": ""720p"",  ""aspect_ratio"": ""16:9"", ""outputs"": 1}","""C:\Users\lixin\Desktop\Video\V-089.mp4""",11/16/2025,,,
V-090,1B-A-C-1,4,1280x720,24,8,16:9,Veo 3.1 – Fast,"{ ""resolution"": ""720p"",  ""aspect_ratio"": ""16:9"", ""outputs"": 1}","""C:\Users\lixin\Desktop\Video\V-090.mp4""",11/16/2025,,,
V-091,1B-A-C-1,5,1280x720,24,8,16:9,Veo 3.1 – Fast,"{ ""resolution"": ""720p"",  ""aspect_ratio"": ""16:9"", ""outputs"": 1}","""C:\Users\lixin\Desktop\Video\V-091.mp4""",11/16/2025,,,
V-092,1B-A-C-1,6,1280x720,24,8,16:9,Veo 3.1 – Fast,"{ ""resolution"": ""720p"",  ""aspect_ratio"": ""16:9"", ""outputs"": 1}","""C:\Users\lixin\Desktop\Video\V-092.mp4""",11/16/2025,,,
V-093,1B-A-E-1,1,1280x720,24,8,16:9,Veo 3.1 – Fast,"{ ""resolution"": ""720p"",  ""aspect_ratio"": ""16:9"", ""outputs"": 1}","""C:\Users\lixin\Desktop\Video\V-093.mp4""",11/16/2025,,,
V-094,1B-A-E-1,2,1280x720,24,8,16:9,Veo 3.1 – Fast,"{ ""resolution"": ""720p"",  ""aspect_ratio"": ""16:9"", ""outputs"": 1}","""C:\Users\lixin\Desktop\Video\V-094.mp4""",11/16/2025,,,
V-095,1B-A-E-1,3,1280x720,24,8,16:9,Veo 3.1 – Fast,"{ ""resolution"": ""720p"",  ""aspect_ratio"": ""16:9"", ""outputs"": 1}","""C:\Users\lixin\Desktop\Video\V-095.mp4""",11/16/2025,,,
V-096,1B-A-E-1,4,1280x720,24,8,16:9,Veo 3.1 – Fast,"{ ""resolution"": ""720p"",  ""aspect_ratio"": ""16:9"", ""outputs"": 1}","""C:\Users\lixin\Desktop\Video\V-096.mp4""",11/16/2025,,,
V-097,1B-A-E-1,5,1280x720,24,8,16:9,Veo 3.1 – Fast,"{ ""resolution"": ""720p"",  ""aspect_ratio"": ""16:9"", ""outputs"": 1}","""C:\Users\lixin\Desktop\Video\V-097.mp4""",11/16/2025,,,
V-098,1B-A-E-1,6,1280x720,24,8,16:9,Veo 3.1 – Fast,"{ ""resolution"": ""720p"",  ""aspect_ratio"": ""16:9"", ""outputs"": 1}","""C:\Users\lixin\Desktop\Video\V-098.mp4""",11/16/2025,,,
V-099,1B-I-T-1,1,1280x720,24,8,16:9,Veo 3.1 – Fast,"{ ""resolution"": ""720p"",  ""aspect_ratio"": ""16:9"", ""outputs"": 1}","""C:\Users\lixin\Desktop\Video\V-099.mp4""",11/16/2025,,,
V-100,1B-I-T-1,2,1280x720,24,8,16:9,Veo 3.1 – Fast,"{ ""resolution"": ""720p"",  ""aspect_ratio"": ""16:9"", ""outputs"": 1}","""C:\Users\lixin\Desktop\Video\V-100.mp4""",11/16/2025,,,
V-101,1B-I-T-1,3,1280x720,24,8,16:9,Veo 3.1 – Fast,"{ ""resolution"": ""720p"",  ""aspect_ratio"": ""16:9"", ""outputs"": 1}","""C:\Users\lixin\Desktop\Video\V-101.mp4""",11/16/2025,,,
V-102,1B-I-T-1,4,1280x720,24,8,16:9,Veo 3.1 – Fast,"{ ""resolution"": ""720p"",  ""aspect_ratio"": ""16:9"", ""outputs"": 1}","""C:\Users\lixin\Desktop\Video\V-102.mp4""",11/16/2025,,,
V-103,1B-I-T-1,5,1280x720,24,8,16:9,Veo 3.1 – Fast,"{ ""resolution"": ""720p"",  ""aspect_ratio"": ""16:9"", ""outputs"": 1}","""C:\Users\lixin\Desktop\Video\V-103.mp4""",11/16/2025,,,
V-104,1B-I-T-1,6,1280x720,24,8,16:9,Veo 3.1 – Fast,"{ ""resolution"": ""720p"",  ""aspect_ratio"": ""16:9"", ""outputs"": 1}","""C:\Users\lixin\Desktop\Video\V-104.mp4""",11/16/2025,,,
V-105,1B-I-C-1,1,1280x720,24,8,16:9,Veo 3.1 – Fast,"{ ""resolution"": ""720p"",  ""aspect_ratio"": ""16:9"", ""outputs"": 1}","""C:\Users\lixin\Desktop\Video\V-105.mp4""",11/16/2025,,,
V-106,1B-I-C-1,2,1280x720,24,8,16:9,Veo 3.1 – Fast,"{ ""resolution"": ""720p"",  ""aspect_ratio"": ""16:9"", ""outputs"": 1}","""C:\Users\lixin\Desktop\Video\V-106.mp4""",11/16/2025,,,
V-107,1B-I-C-1,3,1280x720,24,8,16:9,Veo 3.1 – Fast,"{ ""resolution"": ""720p"",  ""aspect_ratio"": ""16:9"", ""outputs"": 1}","""C:\Users\lixin\Desktop\Video\V-107.mp4""",11/16/2025,,,
V-108,1B-I-C-1,4,1280x720,24,8,16:9,Veo 3.1 – Fast,"{ ""resolution"": ""720p"",  ""aspect_ratio"": ""16:9"", ""outputs"": 1}","""C:\Users\lixin\Desktop\Video\V-108.mp4""",11/16/2025,,,
V-109,1B-I-C-1,5,1280x720,24,8,16:9,Veo 3.1 – Fast,"{ ""resolution"": ""720p"",  ""aspect_ratio"": ""16:9"", ""outputs"": 1}","""C:\Users\lixin\Desktop\Video\V-109.mp4""",11/16/2025,,,
V-110,1B-I-C-1,6,1280x720,24,8,16:9,Veo 3.1 – Fast,"{ ""resolution"": ""720p"",  ""aspect_ratio"": ""16:9"", ""outputs"": 1}","""C:\Users\lixin\Desktop\Video\V-110.mp4""",11/16/2025,,,
V-111,1B-I-E-1,1,1280x720,24,8,16:9,Veo 3.1 – Fast,"{ ""resolution"": ""720p"",  ""aspect_ratio"": ""16:9"", ""outputs"": 1}","""C:\Users\lixin\Desktop\Video\V-111.mp4""",11/16/2025,,,
V-112,1B-I-E-1,2,1280x720,24,8,16:9,Veo 3.1 – Fast,"{ ""resolution"": ""720p"",  ""aspect_ratio"": ""16:9"", ""outputs"": 1}","""C:\Users\lixin\Desktop\Video\V-112.mp4""",11/16/2025,,,
V-113,1B-I-E-1,3,1280x720,24,8,16:9,Veo 3.1 – Fast,"{ ""resolution"": ""720p"",  ""aspect_ratio"": ""16:9"", ""outputs"": 1}","""C:\Users\lixin\Desktop\Video\V-113.mp4""",11/16/2025,,,
V-114,1B-I-E-1,4,1280x720,24,8,16:9,Veo 3.1 – Fast,"{ ""resolution"": ""720p"",  ""aspect_ratio"": ""16:9"", ""outputs"": 1}","""C:\Users\lixin\Desktop\Video\V-114.mp4""",11/16/2025,,,
V-115,1B-I-E-1,5,1280x720,24,8,16:9,Veo 3.1 – Fast,"{ ""resolution"": ""720p"",  ""aspect_ratio"": ""16:9"", ""outputs"": 1}","""C:\Users\lixin\Desktop\Video\V-115.mp4""",11/16/2025,,,
V-116,1B-I-E-1,6,1280x720,24,8,16:9,Veo 3.1 – Fast,"{ ""resolution"": ""720p"",  ""aspect_ratio"": ""16:9"", ""outputs"": 1}","""C:\Users\lixin\Desktop\Video\V-116.mp4""",11/16/2025,,,